PROTID	Mass
A2A432	110699
A2A8Z1	83109
A2AAY5	101517
A2AEV7	67407
A2AF47	237771
A2AGT5	225635
A2AJI0	93276
A2AKB9	61558
A2AN08	572290
A2APB8	85894
A2AQ19	80797
A2AR02	88325
A2AT37	147553
A2AWA9	120798
A2BDX3	49375
A2BH40	242092
A8C756	217289
B1AQJ2	119913
B1AR13	15676
B1ARD6	103992
B1AVZ0	34278
B1AY13	294001
B1AZP2	108037
B2RQC6	243238
B2RRE7	123055
B2RX12	169223
B2RXS4	206230
B2RY56	99552
B7ZNG0	151624
B8ZXI1	46288
B9EJ86	101269
C0HKD8	51954
C0HKE1	14135
D3YXK2	105104
D3YYU8	197937
D3Z7P3	73964
E2JF22	292002
E9PVA8	293021
E9PVX6	350864
E9Q137	33590
E9Q236	148888
E9Q3L2	237042
E9Q414	509432
E9Q4P1	46218
E9Q555	584258
E9Q557	332912
E9Q5C9	73698
E9Q5G3	108776
E9Q634	126818
E9Q6J5	327453
E9Q7D5	176664
E9Q7G0	235630
E9Q7X6	141899
E9Q912	66076
E9QAT4	254202
F6ZDS4	273990
F8VPU2	118875
G3X9C2	30408
G5E829	134747
G5E870	224128
G5E897	57686
G5E8V9	41518
L0N7N1	186445
O08528	102535
O08529	79872
O08539	64470
O08547	24741
O08553	62278
O08573	40036
O08579	29436
O08582	72301
O08583	26940
O08585	25604
O08586	47152
O08599	67569
O08638	227028
O08663	52922
O08709	24871
O08715	92195
O08734	23295
O08738	31595
O08739	88652
O08749	54272
O08756	27419
O08759	99819
O08784	135001
O08788	141676
O08795	58793
O08807	31053
O08808	139343
O08810	109361
O08915	37605
O08917	47513
O08919	64130
O08997	7338
O09005	38241
O09012	70756
O09044	23261
O09061	26372
O09106	55075
O09110	39296
O09111	17444
O09131	27498
O09167	18562
O09172	30535
O35074	57047
O35083	31709
O35114	54044
O35129	33296
O35130	26974
O35134	194110
O35143	12159
O35166	24725
O35188	42099
O35207	12354
O35218	88383
O35226	40704
O35250	79960
O35280	54381
O35286	91007
O35295	33901
O35326	30891
O35343	57923
O35344	57773
O35345	59964
O35350	82106
O35379	171185
O35381	28538
O35382	110545
O35448	34366
O35459	36118
O35465	43529
O35566	28246
O35593	34577
O35609	38458
O35621	29775
O35638	141281
O35639	36384
O35640	36724
O35643	103935
O35654	51355
O35658	31013
O35682	35285
O35685	38358
O35691	82436
O35704	52535
O35737	49199
O35841	56785
O35857	51091
O35864	37549
O35874	56062
O35887	37064
O35900	10835
O35943	22924
O35963	25767
O35972	17122
O54692	88063
O54724	43954
O54734	49028
O54754	146678
O54774	135081
O54781	76757
O54825	49784
O54833	41215
O54879	23010
O54910	39200
O54916	86519
O54931	98579
O54941	46638
O54946	39807
O54950	37520
O54962	10103
O54984	38823
O54988	141457
O54998	24913
O55013	20302
O55022	21694
O55023	30436
O55029	102449
O55033	42879
O55091	36276
O55106	85966
O55125	33363
O55126	32933
O55128	17595
O55131	50550
O55135	26511
O55142	12554
O55143	114858
O55201	120664
O55222	51373
O55234	28532
O55242	25250
O70126	39384
O70133	149475
O70152	29175
O70172	46152
O70194	63989
O70251	24694
O70274	19127
O70305	136485
O70310	56888
O70311	60484
O70318	109940
O70325	22229
O70378	23348
O70400	35774
O70404	11451
O70435	28405
O70439	29821
O70456	27706
O70475	54832
O70481	200240
O70492	18757
O70493	19116
O70494	82362
O70503	34742
O70551	73088
O70554	10735
O70572	47467
O70589	105109
O70591	16534
O88207	183677
O88271	32921
O88291	65225
O88342	66407
O88413	51231
O88428	70351
O88447	61450
O88448	66662
O88456	28406
O88477	63451
O88487	68394
O88522	47972
O88531	34490
O88532	116859
O88543	47832
O88544	46285
O88545	35880
O88569	37403
O88587	29486
O88622	109324
O88630	28489
O88643	60737
O88668	24452
O88685	49549
O88696	29800
O88712	47745
O88738	532170
O88746	54325
O88792	32424
O88796	29473
O88811	57455
O88842	80624
O88844	46674
O88895	48821
O88939	60281
O88952	21834
O88958	32549
O88967	80028
O88983	26925
O88986	44931
O89001	152406
O89023	61342
O89079	34567
O89086	16605
O89090	80732
O89094	29458
O89110	55357
O89112	45341
O89116	24986
P00375	21606
P00405	25976
P00493	24570
P01027	186484
P01902	41490
P02463	160679
P02468	177298
P02469	197090
P02798	6115
P02802	6018
P03930	7766
P03975	62747
P04184	25776
P05064	39356
P05132	40571
P05201	46248
P05202	47411
P05480	59891
P05622	122790
P06151	36499
P06537	87164
P06745	62767
P06795	140994
P06797	37547
P06801	63954
P07091	11721
P07214	34450
P07356	38676
P07742	90210
P07901	84788
P08003	71982
P08030	19724
P08113	92476
P08121	138943
P08207	11186
P08228	15943
P08249	35611
P08556	21199
P08752	40489
P08775	217176
P09055	88231
P09103	57058
P09242	57514
P09405	76723
P09411	44550
P09542	22422
P09602	9423
P09671	24603
P0C0A3	23416
P0C0S6	13553
P0C7N9	13974
P0DOV1	46977
P0DOV2	69438
P0DP26	16838
P10107	38734
P10126	50114
P10404	69613
P10518	36024
P10605	37280
P10630	46402
P10639	11675
P10649	25970
P10711	33880
P10810	39204
P10833	23764
P10852	58337
P10922	20861
P11031	14427
P11087	138032
P11103	113100
P11157	45096
P11276	272538
P11352	22329
P11370	74453
P11438	43865
P11440	34107
P11499	83281
P11688	115043
P11983	60449
P12023	86722
P12367	45389
P12382	85360
P12388	46292
P12787	16101
P12815	21867
P12970	29977
P13020	85942
P13439	52292
P13595	119427
P13745	25608
P13808	136814
P13864	183189
P14069	10051
P14094	35195
P14115	16605
P14131	16445
P14148	31420
P14152	36511
P14206	32838
P14211	47995
P14576	55721
P14685	60718
P14733	66786
P14824	75885
P14869	34216
P14873	270255
P14901	32929
P15105	42120
P15116	99796
P15307	64960
P15379	85617
P15532	17208
P15626	25717
P15864	21267
P16045	14866
P16110	27515
P16254	12510
P16332	82844
P16460	46584
P16546	284597
P16675	53844
P16858	35810
P17047	45681
P17095	11614
P17156	69642
P17182	47141
P17225	59322
P17426	107664
P17427	104017
P17439	57622
P17665	7333
P17710	108303
P17742	17971
P17751	26713
P17809	53985
P17879	70176
P17918	28785
P18155	37863
P18242	44954
P18572	42445
P18608	10152
P18654	83694
P18760	18560
P19001	44542
P19096	272428
P19157	23609
P19253	23464
P19324	46534
P19536	13813
P19783	19530
P20029	72422
P20060	61116
P20108	28127
P20152	53688
P20352	32935
P20444	76852
P21107	32994
P21126	17801
P21279	42158
P21300	35988
P21550	47025
P21619	67318
P21981	77061
P22315	47422
P22437	69042
P22561	49246
P22892	91350
P22907	39344
P23116	161936
P23198	20855
P23249	113583
P23475	69484
P23492	32277
P23506	24634
P23591	35878
P23780	73121
P23953	61056
P24270	59795
P24288	42791
P24369	23713
P24452	39240
P24472	25564
P24527	69051
P24547	55815
P24549	54468
P24638	48509
P24668	31172
P24788	91513
P24860	48052
P25206	91546
P25322	33429
P25444	31231
P25446	37437
P25799	105615
P25976	89509
P26039	269821
P26040	69407
P26041	67767
P26043	68543
P26231	100106
P26350	12254
P26369	53517
P26443	61337
P26450	83517
P26516	36540
P26638	58389
P26645	29661
P26883	11923
P27046	131631
P27048	23656
P27546	117429
P27601	44055
P27612	87221
P27641	83057
P27659	46110
P27773	56678
P27808	51690
P28033	31446
P28271	98126
P28301	46701
P28352	35490
P28474	39548
P28571	76544
P28656	45345
P28658	53707
P28659	52107
P28660	128784
P28665	165298
P28667	20165
P28740	79756
P28798	63458
P29341	70671
P29416	60613
P29533	81317
P29595	8972
P29699	37326
P29758	48355
P30115	25361
P30276	45383
P30282	32411
P30285	33751
P30416	51572
P30681	24162
P30999	104925
P31230	33997
P31266	58537
P31324	46167
P31786	10000
P31938	43474
P32020	59126
P32067	47756
P32233	40512
P32507	57318
P32921	54358
P33174	139519
P33609	167340
P33610	58408
P34022	23596
P34152	119243
P34884	12504
P35123	108343
P35235	68035
P35278	23413
P35279	23590
P35282	24106
P35293	23035
P35441	129647
P35456	35428
P35486	43232
P35492	72258
P35550	34307
P35564	67278
P35585	48543
P35601	125985
P35700	22176
P35762	25815
P35821	49593
P35831	86526
P35922	68989
P35979	17805
P35980	21645
P36371	77445
P36536	22371
P36552	49715
P36916	68771
P37040	77044
P37804	22576
P37889	131834
P37913	102290
P38060	34239
P38647	73461
P39053	97803
P39054	98145
P39429	56026
P39447	194742
P39749	42315
P40124	51565
P40142	67630
P40237	29629
P40630	27988
P40694	109466
P41105	15733
P41241	50716
P41731	25767
P42125	32250
P42208	41526
P42225	87197
P42227	88054
P42230	90831
P42567	98471
P42669	34884
P42703	122574
P42932	59555
P43247	104151
P43274	21977
P43276	22576
P43277	22100
P43406	115360
P43883	46646
P45376	35732
P45377	36121
P45591	18710
P45878	15344
P45952	46481
P46061	63531
P46062	112066
P46414	22193
P46460	82613
P46467	49419
P46471	48648
P46638	24489
P46656	20123
P46664	50021
P46935	102706
P46938	52383
P46978	80598
P47226	47983
P47713	85222
P47738	56538
P47739	50481
P47740	53971
P47753	32940
P47754	32967
P47757	31345
P47758	29579
P47791	53663
P47802	35624
P47809	44114
P47811	41287
P47856	78539
P47857	85269
P47879	27807
P47911	33510
P47915	17587
P47941	33830
P47955	11475
P47962	34401
P47963	24305
P47964	12216
P48024	12747
P48036	35752
P48428	12758
P48678	74238
P48725	329465
P48758	30641
P48759	41812
P48771	9291
P48962	32904
P49025	235389
P49138	44050
P49312	34196
P49442	43346
P49443	42433
P49615	33288
P49717	96736
P49718	82407
P49722	25927
P49769	52640
P49817	20539
P50096	55279
P50136	50371
P50171	26588
P50247	47688
P50396	50522
P50429	59647
P50446	59335
P50462	20895
P50516	68326
P50518	26157
P50543	11083
P50544	70875
P50580	43699
P50615	28983
P51125	84922
P51141	75359
P51150	23490
P51174	47908
P51410	21881
P51432	139487
P51660	79482
P51807	12483
P51855	52247
P51859	26269
P51863	40301
P51881	32931
P51912	58483
P51943	47269
P52196	33466
P52293	57928
P52431	123790
P52432	39107
P52479	87022
P52480	57845
P52503	13020
P52633	93497
P52825	73981
P52875	34791
P52927	11819
P53026	24916
P53395	53247
P53702	30978
P53810	31893
P53811	31487
P53986	53267
P53994	23548
P53995	215994
P53996	19592
P54071	50906
P54103	71722
P54227	17274
P54276	151084
P54726	39706
P54728	43513
P54729	70307
P54731	73863
P54754	109662
P54775	47408
P54822	54866
P54823	54192
P54923	40068
P55012	131034
P55194	74172
P55258	23668
P55264	40149
P55271	13789
P55302	42215
P55937	167220
P56135	10344
P56212	12293
P56213	22877
P56376	11241
P56380	16989
P56382	5838
P56389	16131
P56391	10071
P56395	15241
P56399	95833
P56480	56300
P56546	48957
P56565	10505
P56812	14275
P56873	21336
P56959	52673
P56960	100942
P57746	28369
P57759	28823
P57776	31293
P57780	104977
P57784	28357
P58021	75330
P58064	14309
P58242	51600
P58252	95314
P58281	111339
P58389	36710
P58404	81645
P58742	59431
P58771	32681
P58774	32837
P58802	56202
P58871	181825
P59017	46719
P59024	24252
P59235	41990
P59242	136447
P59325	48968
P59326	60879
P59708	14585
P59999	19667
P60122	50214
P60229	52221
P60330	233035
P60335	37498
P60521	13667
P60603	8183
P60670	68017
P60710	41737
P60766	21259
P60840	13335
P60843	46154
P60867	13373
P60904	22101
P61022	22432
P61025	9660
P61027	22541
P61079	16687
P61082	20900
P61087	22407
P61089	17138
P61161	44761
P61164	42614
P61202	51597
P61205	20601
P61211	20412
P61222	67314
P61226	20504
P61255	17258
P61290	29506
P61327	17164
P61358	15798
P61514	10275
P61600	20368
P61620	52265
P61750	20397
P61759	22436
P61804	12497
P61924	20198
P61957	10871
P61961	9118
P61965	36588
P61967	18733
P61971	14478
P61979	50976
P61982	28303
P62071	23400
P62073	10333
P62075	10458
P62077	9286
P62082	22127
P62137	37540
P62141	37187
P62192	49185
P62196	45626
P62242	24205
P62245	14840
P62254	19509
P62259	29174
P62264	16273
P62267	15808
P62270	17719
P62281	18431
P62301	17222
P62305	10804
P62307	9725
P62309	8496
P62311	11845
P62313	9128
P62315	13282
P62317	13527
P62320	13916
P62331	20082
P62334	44173
P62484	49387
P62500	109811
P62627	10990
P62702	29598
P62717	20732
P62737	42009
P62743	17018
P62748	22338
P62751	17695
P62754	28681
P62774	12861
P62806	11367
P62814	56551
P62821	22678
P62827	24423
P62830	14865
P62843	17040
P62849	15423
P62852	13742
P62855	13015
P62858	7841
P62862	6648
P62869	13170
P62874	37377
P62878	12274
P62880	37331
P62889	12784
P62892	6407
P62897	11605
P62900	14463
P62908	26674
P62911	15860
P62915	34819
P62918	28025
P62960	35730
P62962	14957
P62983	17951
P62996	33666
P63001	21450
P63005	46670
P63017	70871
P63024	11480
P63028	19462
P63037	44868
P63038	60955
P63073	25053
P63085	41276
P63087	36984
P63094	45664
P63101	27771
P63147	17312
P63154	83416
P63158	24894
P63168	10366
P63242	16832
P63254	8550
P63260	41793
P63271	13193
P63276	15524
P63321	23553
P63323	14515
P63325	18916
P63328	58644
P63330	35608
P67778	29820
P67871	24942
P67984	14759
P68037	17862
P68040	35077
P68254	27778
P68368	49924
P68369	50136
P68372	49831
P68373	49909
P68433	15404
P68510	28212
P70122	28781
P70168	97184
P70195	29891
P70202	25492
P70227	304275
P70236	37432
P70245	26215
P70255	48768
P70280	24967
P70296	20830
P70302	77567
P70318	43389
P70333	49280
P70336	160586
P70349	13777
P70362	34481
P70372	36169
P70388	153488
P70398	290711
P70399	212735
P70403	77269
P70404	42785
P70441	38600
P70444	21952
P70445	12898
P70460	39667
P70670	220499
P70677	31475
P70697	40692
P70698	66682
P70699	106248
P80313	59652
P80314	57477
P80315	58066
P80316	59624
P80317	58004
P80318	60630
P81117	50304
P81269	29238
P83741	250934
P83870	12405
P83882	12441
P83887	51101
P83917	21418
P83940	12473
P84084	20530
P84089	12259
P84091	49655
P84096	21309
P84099	23466
P84102	6900
P84104	19330
P97287	35217
P97298	46234
P97300	44373
P97310	102078
P97311	92867
P97315	20583
P97329	99876
P97346	48344
P97350	80896
P97351	29885
P97352	11158
P97370	31776
P97371	28673
P97372	27057
P97377	38978
P97379	54088
P97384	54079
P97386	113072
P97429	35916
P97434	116408
P97447	31889
P97450	12496
P97452	82546
P97461	22889
P97470	35080
P97471	60342
P97477	44772
P97480	55973
P97493	18255
P97494	72571
P97496	122890
P97499	291460
P97742	88251
P97760	31443
P97770	56431
P97789	194307
P97792	39948
P97797	56414
P97807	54357
P97814	47590
P97820	140602
P97822	29622
P97823	24688
P97825	16081
P97855	51829
P97864	34061
P97930	23915
P98078	82312
P98083	62608
P98156	96373
P98203	105066
P99024	49671
P99026	29116
P99027	11651
P99028	10435
P99029	21897
Q00420	41358
Q00519	146562
Q00547	91785
Q00560	102451
Q00612	59263
Q00623	30616
Q00PI9	84940
Q01279	134853
Q01320	172790
Q01405	86162
Q01514	67712
Q01730	31550
Q01768	17363
Q01853	89322
Q02053	117809
Q02248	85471
Q02257	81801
Q02788	110334
Q02819	53409
Q03145	108852
Q03147	38968
Q03173	85844
Q03265	59753
Q03958	14455
Q03963	58280
Q04207	60212
Q04750	90876
Q04857	108489
Q04899	51848
Q05186	38113
Q05512	86306
Q05793	398294
Q05816	15137
Q05920	129685
Q05D44	137616
Q06185	8236
Q06348	26427
Q07076	49925
Q07417	44890
Q07797	64491
Q07813	21395
Q08024	22030
Q08093	33156
Q08288	43736
Q08509	91737
Q08943	80860
Q09143	67092
Q0GNC1	138560
Q0KL02	347861
Q0P678	105694
Q0VBK2	50660
Q0VBL3	105722
Q0VGB7	46479
Q0VGY8	200805
Q11011	103325
Q11136	55029
Q148V7	134587
Q149C2	71037
Q149F3	69147
Q14C51	77796
Q1HFZ0	85452
Q2KN98	124488
Q2NL51	51661
Q2TBE6	54258
Q2YDW2	61230
Q31125	50657
Q3B7Z2	88797
Q3KNM2	31232
Q3TAS6	27053
Q3TB82	31158
Q3TBW2	29396
Q3TC93	43691
Q3TCN2	66289
Q3TDD9	88338
Q3TDN2	52471
Q3TDQ1	93246
Q3TEA8	60867
Q3TGF2	15572
Q3THE2	19779
Q3THG9	44971
Q3THK3	57241
Q3THK7	76723
Q3THS6	43689
Q3TIR3	59847
Q3TIV5	48327
Q3TIX9	65146
Q3TJD7	50119
Q3TJZ6	55055
Q3TKT4	181427
Q3TKY6	53543
Q3TLH4	310892
Q3TN34	108288
Q3TQI7	33544
Q3TUH1	37828
Q3TVC7	39356
Q3TVI8	81164
Q3TW96	56614
Q3TWW8	39025
Q3TX08	72350
Q3TXS7	105730
Q3TXT3	11411
Q3TXX4	61637
Q3TYS2	20921
Q3U0V1	76775
Q3U0V2	34577
Q3U186	65336
Q3U1J4	126853
Q3U6N9	24465
Q3U7R1	121554
Q3U821	94037
Q3U962	145018
Q3U9G9	71440
Q3UA06	48377
Q3UCV8	40320
Q3UD01	10731
Q3UDE2	74043
Q3UDR8	37998
Q3UE37	38368
Q3UEB3	60249
Q3UFK8	51828
Q3UFM5	95960
Q3UFY8	48386
Q3UGC7	29344
Q3UGR5	28730
Q3UGS4	11101
Q3UHB1	63170
Q3UHD6	60989
Q3UHH8	46491
Q3UHU5	213862
Q3UHX2	20605
Q3UHX9	42958
Q3UIA2	92202
Q3UJ81	14267
Q3UJB9	152484
Q3UJD6	150549
Q3UJP5	23848
Q3UJU9	52029
Q3UKC1	93630
Q3UKJ7	57544
Q3UL36	32887
Q3ULD5	61379
Q3ULJ0	38226
Q3ULW8	59949
Q3UM45	41292
Q3UMB9	136370
Q3UMC0	97256
Q3UMF0	137382
Q3UMR5	39682
Q3UMU9	74291
Q3UMY5	110027
Q3UN02	44400
Q3UPF5	106688
Q3UPH1	46298
Q3UPL0	133569
Q3UQ84	81700
Q3UR85	123288
Q3URD3	96933
Q3USH5	104190
Q3USZ8	49463
Q3UVG3	93464
Q3UW53	102649
Q3UYV9	91927
Q3UZ39	79249
Q3V1H1	74029
Q3V1T4	83651
Q3V1V3	98048
Q3V3R1	105729
Q4ACU6	185397
Q4FK66	37437
Q4FZC9	112035
Q4KML4	9030
Q4KMM3	95912
Q4LDD4	162276
Q4VA53	164419
Q4VAA2	29729
Q4VBD2	63894
Q4VBE8	47211
Q501J6	72399
Q501J7	76632
Q505D7	20110
Q505F5	63590
Q52KI8	106862
Q52KR3	339516
Q569Z5	117448
Q569Z6	108178
Q56A10	162345
Q571I9	84756
Q58A65	146219
Q59J78	19628
Q5DTM8	113520
Q5DTU0	92175
Q5EG47	63929
Q5F2E7	75657
Q5F2E8	116050
Q5FWK3	50411
Q5I012	117194
Q5ND34	211945
Q5PSV9	184670
Q5RJG1	80077
Q5RKZ7	69859
Q5SF07	65584
Q5SNZ0	215918
Q5SRX1	55663
Q5SS80	40745
Q5SSI6	61218
Q5SSL4	97667
Q5SSZ5	155589
Q5SUC9	31617
Q5SUF2	51450
Q5SUR0	144629
Q5SV85	139616
Q5SVQ0	70641
Q5SW19	148068
Q5SWD9	92105
Q5SWU9	265257
Q5SXY1	118101
Q5SYD0	116081
Q5U3K5	79831
Q5U4D9	37315
Q5XG71	317744
Q5XG73	56614
Q5XJY5	57229
Q5XKN4	21102
Q60597	116449
Q60598	61250
Q60605	16930
Q60631	25238
Q60634	47038
Q60648	20824
Q60649	76004
Q60668	38354
Q60676	56877
Q60692	25379
Q60710	75893
Q60715	60910
Q60716	61002
Q60737	45134
Q60738	54716
Q60749	48371
Q60759	48606
Q60766	46552
Q60772	18066
Q60838	78861
Q60847	340214
Q60854	42599
Q60864	62582
Q60865	78169
Q60870	21051
Q60872	16502
Q60875	111974
Q60876	12325
Q60902	99309
Q60930	31733
Q60931	30753
Q60932	32351
Q60953	98242
Q60960	60183
Q60967	70794
Q60972	47656
Q60973	47790
Q60992	99915
Q61001	404054
Q61024	64283
Q61029	50373
Q61033	75168
Q61035	57432
Q61074	58728
Q61081	44593
Q61084	70776
Q61107	70801
Q61112	42064
Q61140	94285
Q61166	30016
Q61171	21779
Q61176	34808
Q61187	44124
Q61188	85292
Q61189	26021
Q61191	210437
Q61205	25853
Q61206	25581
Q61207	61422
Q61210	102805
Q61216	80223
Q61235	56382
Q61239	44013
Q61249	38971
Q61263	63799
Q61292	196579
Q61316	94133
Q61334	27964
Q61335	27957
Q61337	22080
Q61398	50168
Q61425	34464
Q61495	114597
Q61508	62832
Q61543	133734
Q61545	68462
Q61550	72083
Q61553	54508
Q61576	64697
Q61578	54202
Q61581	28969
Q61584	76222
Q61586	93705
Q61595	152592
Q61598	50537
Q61599	22851
Q61655	53933
Q61656	69290
Q61686	22186
Q61687	278587
Q61699	96407
Q61703	105928
Q61733	43881
Q61735	33098
Q61749	57624
Q61753	56586
Q61768	109551
Q61781	52867
Q61792	29994
Q61810	134363
Q61823	51702
Q61838	165853
Q61879	228996
Q61881	81211
Q61937	32560
Q61941	113838
Q61990	38222
Q62018	133408
Q62048	15054
Q62077	149668
Q62084	15957
Q62086	39617
Q62087	39351
Q62093	25476
Q62095	73428
Q62130	135042
Q62159	22006
Q62165	96905
Q62167	73101
Q62181	85289
Q62186	18937
Q62188	61936
Q62189	31835
Q62193	29718
Q62203	49911
Q62241	17364
Q62245	150883
Q62261	274223
Q62266	15765
Q62313	37848
Q62318	88847
Q62348	26201
Q62351	85731
Q62371	96482
Q62376	51992
Q62383	199086
Q62384	50715
Q62418	48700
Q62419	41518
Q62422	23783
Q62425	9327
Q62426	11046
Q62432	52266
Q62433	43009
Q62446	25148
Q62448	102106
Q62465	43097
Q62470	116745
Q62523	60546
Q63829	22037
Q63844	43066
Q63850	53255
Q63871	6974
Q63918	46764
Q63932	44402
Q64008	29101
Q64010	33815
Q64012	33188
Q640M1	87265
Q640N1	128365
Q64105	27883
Q64133	59602
Q64152	22031
Q64213	70403
Q64261	37028
Q64311	34595
Q64324	66357
Q64327	18584
Q64337	48163
Q64339	17898
Q64373	26132
Q64378	50966
Q64429	60537
Q64433	10963
Q64435	60439
Q64437	39904
Q64442	38249
Q64449	167074
Q64471	27374
Q64478	13920
Q64511	181909
Q64514	139879
Q64520	21918
Q64521	80954
Q64523	13988
Q64669	30960
Q64674	33995
Q64695	27189
Q64727	116717
Q64735	53763
Q64737	107503
Q66JX5	42758
Q68FD5	191557
Q68FF6	85300
Q68FH4	50503
Q68FL6	101431
Q69Z37	180203
Q69Z99	63908
Q69ZN7	233324
Q69ZQ2	32989
Q69ZR2	290086
Q69ZS7	75100
Q69ZZ9	369258
Q6A009	198921
Q6A026	150327
Q6A028	68996
Q6A065	175050
Q6A068	92190
Q6A0A2	81627
Q6A0A9	121646
Q6A4J8	128475
Q6AXC6	101968
Q6DFW4	60343
Q6DVA0	57507
Q6GQT1	164353
Q6GQT9	133420
Q6IFX2	50133
Q6IFZ6	61359
Q6IRU2	28468
Q6IRU5	25172
Q6IRU7	86890
Q6KCD5	315450
Q6NS46	207779
Q6NSR8	55940
Q6NV83	118261
Q6NVF9	59153
Q6NWW9	132764
Q6NXH9	58911
Q6NXN1	16998
Q6NZB0	29813
Q6NZC7	110780
Q6NZF1	86492
Q6NZJ6	176077
Q6NZQ2	76913
Q6P069	21627
Q6P1B1	69591
Q6P1F6	51692
Q6P1G0	128922
Q6P1H6	106198
Q6P2B1	104170
Q6P3Y5	83146
Q6P4S6	150659
Q6P4T2	244547
Q6P542	94945
Q6P549	138973
Q6P5B0	143131
Q6P5D8	225648
Q6P5E4	176434
Q6P5F6	94394
Q6P5F9	123093
Q6P5G6	52164
Q6P6L0	129772
Q6P8I4	18963
Q6P8X1	46649
Q6P9J9	106255
Q6P9P6	118027
Q6P9Q4	129600
Q6P9Q6	132961
Q6P9R2	58214
Q6P9Z1	54986
Q6PA06	66224
Q6PAC3	51456
Q6PAM1	62369
Q6PAR5	162402
Q6PAV2	118412
Q6PB44	185216
Q6PB66	156615
Q6PCP5	32931
Q6PD03	56347
Q6PD26	61711
Q6PD28	57342
Q6PDG5	132604
Q6PDH0	150070
Q6PDI5	203703
Q6PDK2	600245
Q6PDL0	54218
Q6PDM2	27745
Q6PDQ2	217751
Q6PDY2	28372
Q6PE01	39276
Q6PE15	33040
Q6PFD9	197241
Q6PFR5	32316
Q6PGB6	19414
Q6PGC1	153975
Q6PGG6	65195
Q6PGH1	17000
Q6PGH2	20020
Q6PGL7	145311
Q6PHN9	23025
Q6PHZ2	56369
Q6PIP5	66705
Q6Q899	105975
Q6QI06	191570
Q6R891	89520
Q6RUT7	15348
Q6S5C2	34169
Q6VN19	67188
Q6WKZ8	199155
Q6X893	73067
Q6Y7W8	149193
Q6ZPE2	208693
Q6ZPF4	117169
Q6ZPJ3	140834
Q6ZPR5	93276
Q6ZPU9	71052
Q6ZPZ3	140967
Q6ZQ08	266808
Q6ZQ38	136332
Q6ZQ58	121125
Q6ZQ88	92851
Q6ZQA0	301924
Q6ZQF0	168860
Q6ZQH8	196696
Q6ZQI3	32342
Q6ZQK5	87211
Q6ZQL4	75381
Q6ZQM8	59758
Q6ZWM4	10403
Q6ZWN5	22591
Q6ZWQ0	782725
Q6ZWQ7	20313
Q6ZWU9	9461
Q6ZWV3	24604
Q6ZWV7	14553
Q6ZWX6	36108
Q6ZWY3	9477
Q6ZWY8	5026
Q6ZWZ2	27166
Q70FJ1	436214
Q71FD7	41026
Q71LX4	253621
Q76KJ5	43082
Q76LS9	51226
Q76MZ3	65323
Q78HU7	10329
Q78IK2	6382
Q78IK4	29261
Q78JW9	40143
Q78PY7	102088
Q78XF5	16815
Q78ZA7	42679
Q791T5	41565
Q791V5	33499
Q7M6Y3	71543
Q7TMB8	145241
Q7TMF3	17086
Q7TMI3	90106
Q7TMK9	69633
Q7TMM9	49907
Q7TMY7	117078
Q7TMY8	482635
Q7TNC4	46583
Q7TNE3	25921
Q7TNG5	70734
Q7TNP2	65934
Q7TNV0	43159
Q7TPC1	54313
Q7TPD0	117938
Q7TPH6	521232
Q7TPM1	160913
Q7TPR4	103068
Q7TPV4	152037
Q7TQ95	47500
Q7TQH0	110649
Q7TQI3	31270
Q7TQK1	106861
Q7TSC1	229203
Q7TSI3	94527
Q7TSJ2	96450
Q7TSV4	68748
Q7TSY8	130277
Q7TSZ8	56537
Q7TT18	138593
Q7TT37	149584
Q7TT45	51232
Q7TT50	194753
Q80SW1	58951
Q80SY5	63753
Q80SZ7	7318
Q80TH2	157248
Q80TL7	189078
Q80TM9	175012
Q80TP3	308352
Q80TV8	169227
Q80U04	77958
Q80U35	221671
Q80U63	86188
Q80U72	174059
Q80U78	126619
Q80U87	122611
Q80U93	212979
Q80UG5	65575
Q80UK8	133515
Q80UM3	100961
Q80UM7	91831
Q80UU9	23334
Q80UW8	24570
Q80UY1	46339
Q80V26	38616
Q80VD1	45349
Q80VJ2	24325
Q80VJ3	18977
Q80VP1	60212
Q80W47	48477
Q80W54	54735
Q80WB5	24337
Q80WJ7	63846
Q80WW9	35977
Q80X50	116799
Q80X71	31172
Q80X82	142620
Q80X85	28063
Q80X90	277825
Q80XC2	31639
Q80XI4	47319
Q80XL6	87366
Q80XU3	26313
Q80Y14	16292
Q80Y81	92719
Q80YA8	134760
Q80YR2	82456
Q80YR4	99192
Q80YR5	111838
Q80ZA4	464732
Q80ZK0	18698
Q80ZM7	12473
Q80ZS3	23444
Q810A3	19998
Q810A7	101965
Q810B6	128653
Q810D6	49224
Q810S1	39799
Q810V0	78735
Q811D0	100120
Q811Q9	41900
Q8BFQ8	23277
Q8BFQ9	55599
Q8BFR4	61175
Q8BFR5	49508
Q8BFS6	35248
Q8BFU3	73625
Q8BFW7	65891
Q8BFY6	29228
Q8BFY9	102357
Q8BFZ9	37873
Q8BG05	39652
Q8BG17	25356
Q8BG30	57585
Q8BG32	47437
Q8BG51	72242
Q8BG81	46132
Q8BG95	109049
Q8BGA9	48220
Q8BGB7	28600
Q8BGC0	86240
Q8BGC4	40529
Q8BGD8	9298
Q8BGD9	68840
Q8BGF3	39790
Q8BGH2	51864
Q8BGQ7	106909
Q8BGR9	36837
Q8BGS0	35185
Q8BGS2	10215
Q8BGT5	57944
Q8BGT6	94079
Q8BGX2	29415
Q8BGZ7	59741
Q8BH04	70528
Q8BH24	74693
Q8BH43	54074
Q8BH58	31254
Q8BH59	74570
Q8BH60	50662
Q8BH64	61174
Q8BH69	42907
Q8BH74	106717
Q8BH86	66366
Q8BH93	23885
Q8BH95	31474
Q8BH97	38002
Q8BHA3	18236
Q8BHB4	105775
Q8BHC4	26476
Q8BHD7	56701
Q8BHE8	32985
Q8BHF7	62489
Q8BHG1	132891
Q8BHG2	18020
Q8BHJ5	55661
Q8BHK9	138854
Q8BHL5	83887
Q8BHL8	29664
Q8BHN3	106911
Q8BHS3	46896
Q8BHY2	58676
Q8BI72	59745
Q8BI84	213675
Q8BIJ6	112804
Q8BIP0	74102
Q8BIQ5	61341
Q8BJ05	82409
Q8BJ71	93281
Q8BJF9	23935
Q8BJH1	35152
Q8BJS4	81605
Q8BJU0	34322
Q8BJW5	80818
Q8BJW6	64403
Q8BJY1	55972
Q8BJZ4	35975
Q8BK30	11813
Q8BK35	55793
Q8BK48	62318
Q8BK64	38117
Q8BK67	55983
Q8BK72	47779
Q8BKC5	123591
Q8BKE6	52149
Q8BKG3	117532
Q8BKI2	191963
Q8BKS9	72800
Q8BKT8	40656
Q8BKX1	59237
Q8BKZ9	53999
Q8BL66	160915
Q8BL97	30818
Q8BLF1	45740
Q8BLU0	73948
Q8BM55	76430
Q8BM72	51709
Q8BMA6	70574
Q8BMB3	28263
Q8BMC4	70046
Q8BMD8	52902
Q8BMF4	67942
Q8BMG7	152535
Q8BMG8	35049
Q8BMJ2	134192
Q8BMK4	63692
Q8BML1	218042
Q8BML9	87677
Q8BMP6	60181
Q8BMS1	82670
Q8BMS4	40957
Q8BMZ5	34196
Q8BNI4	27640
Q8BNU0	50683
Q8BNV1	67488
Q8BP27	35183
Q8BP47	64279
Q8BP48	43221
Q8BP67	17779
Q8BP71	47330
Q8BP92	37271
Q8BPB5	54953
Q8BPG6	34737
Q8BPU7	83936
Q8BQ30	65630
Q8BQ47	28094
Q8BQM4	74305
Q8BR70	26088
Q8BR92	42095
Q8BRF7	72323
Q8BRH0	104198
Q8BRN9	93091
Q8BSY0	83042
Q8BT07	53930
Q8BT60	59585
Q8BTI8	294840
Q8BTM8	281222
Q8BTS4	55732
Q8BTT6	88818
Q8BTU1	22748
Q8BTW3	28370
Q8BTW9	64623
Q8BTZ7	39917
Q8BU03	102910
Q8BU11	65961
Q8BU14	45581
Q8BU30	144271
Q8BU33	68156
Q8BU85	26832
Q8BUK6	83218
Q8BVA5	37374
Q8BVF2	27581
Q8BVI5	37080
Q8BVQ5	42256
Q8BVY0	50421
Q8BW10	45464
Q8BWF0	55968
Q8BWM0	43324
Q8BWR2	24192
Q8BWR4	139952
Q8BWT1	41830
Q8BWW4	79763
Q8BWW9	111607
Q8BWY3	49031
Q8BWY9	102043
Q8BWZ3	111708
Q8BX02	90245
Q8BX09	59098
Q8BX10	31994
Q8BX17	166592
Q8BXA1	76785
Q8BXC6	22848
Q8BXN9	63380
Q8BXQ2	65705
Q8BXV2	28263
Q8BXZ1	51848
Q8BY71	49278
Q8BY87	157455
Q8BY89	80110
Q8BYA0	133321
Q8BYC6	105336
Q8BYK6	63961
Q8BYW9	61446
Q8BYZ1	39107
Q8BZA9	29191
Q8BZF8	62220
Q8BZQ7	95307
Q8BZR9	70043
Q8BZW8	78430
Q8C079	95585
Q8C0C7	57599
Q8C0D5	125777
Q8C0E2	39125
Q8C0E3	69912
Q8C0I1	71684
Q8C0J2	68172
Q8C0L0	37131
Q8C0L6	55447
Q8C0Z1	60576
Q8C129	117304
Q8C142	33975
Q8C156	82303
Q8C166	58887
Q8C167	83194
Q8C1A5	78026
Q8C1B7	49695
Q8C1M2	19003
Q8C2B3	101287
Q8C2E7	134110
Q8C2Q3	69449
Q8C3I8	42916
Q8C3W1	35316
Q8C3X8	79997
Q8C3Y4	250358
Q8C407	27283
Q8C4B4	28303
Q8C4J7	88266
Q8C4Q6	34888
Q8C4Y3	65636
Q8C547	224319
Q8C570	40965
Q8C5H8	50859
Q8C5L7	49116
Q8C5Q4	53076
Q8C650	52422
Q8C6B9	15978
Q8C6G8	70543
Q8C7E7	36127
Q8C7K6	54875
Q8C7Q4	40046
Q8C7R4	117966
Q8C7V3	59375
Q8C7X2	111605
Q8C854	63295
Q8C878	51737
Q8C8U0	108540
Q8CAQ8	83900
Q8CAS9	96659
Q8CAY6	41298
Q8CB44	72264
Q8CB77	87161
Q8CBW3	52288
Q8CBY8	53057
Q8CC35	99552
Q8CCF0	55430
Q8CCI5	24777
Q8CCJ3	89520
Q8CCJ9	113860
Q8CCK0	40092
Q8CCS6	32297
Q8CD10	49476
Q8CD15	53517
Q8CD92	96431
Q8CDG3	134503
Q8CDJ8	81793
Q8CDM8	86017
Q8CDN6	32237
Q8CE96	55518
Q8CEC0	84938
Q8CEC6	73385
Q8CF66	10678
Q8CFE2	39291
Q8CFE6	55503
Q8CFI7	133911
Q8CFQ3	170294
Q8CFX1	88928
Q8CG47	146895
Q8CG48	134239
Q8CG72	39414
Q8CG76	40612
Q8CGA0	49611
Q8CGC4	42310
Q8CGC6	84214
Q8CGC7	170079
Q8CGF7	123788
Q8CGK3	105843
Q8CGY8	116952
Q8CGZ0	106169
Q8CH18	132060
Q8CH25	116919
Q8CH72	72057
Q8CHH9	49812
Q8CHK3	53436
Q8CHP5	22690
Q8CHP8	34541
Q8CHU3	63472
Q8CHW4	80086
Q8CI08	62378
Q8CI11	60786
Q8CI51	63299
Q8CI94	96730
Q8CI95	83629
Q8CIB5	77800
Q8CIE4	103679
Q8CIE6	138432
Q8CIG8	72680
Q8CIH9	57403
Q8CIN4	57930
Q8CJ26	24727
Q8CJ53	68489
Q8CJF7	247646
Q8CJF9	97277
Q8JZM7	60577
Q8JZN5	68722
Q8JZN7	69071
Q8JZQ2	89519
Q8JZQ9	91370
Q8JZR0	76206
Q8JZW4	65592
Q8JZX4	45304
Q8K003	7066
Q8K009	101590
Q8K019	106002
Q8K021	38029
Q8K099	68464
Q8K0C1	108229
Q8K0C4	56776
Q8K0C9	41985
Q8K0D5	83550
Q8K0F1	76426
Q8K0T0	83572
Q8K0V4	81946
Q8K0Z7	32314
Q8K124	53872
Q8K157	37799
Q8K183	35015
Q8K199	9419
Q8K1A6	103698
Q8K1E0	39713
Q8K1J5	48580
Q8K1J6	49895
Q8K1M6	82658
Q8K1N2	141486
Q8K1S3	103739
Q8K1Z0	35083
Q8K201	28050
Q8K221	37773
Q8K224	115419
Q8K268	79865
Q8K273	14677
Q8K284	237476
Q8K296	133840
Q8K297	71061
Q8K298	122794
Q8K2B3	72585
Q8K2C6	34134
Q8K2C7	76108
Q8K2C9	43131
Q8K2H2	33758
Q8K2K6	58043
Q8K2M0	45030
Q8K2Q0	21850
Q8K2Q5	10102
Q8K2Q7	46202
Q8K2T1	34376
Q8K2T4	9584
Q8K2T8	60518
Q8K2V1	106298
Q8K2V6	112416
Q8K2X3	43486
Q8K2Z2	77921
Q8K2Z4	155665
Q8K301	67474
Q8K310	94630
Q8K358	49804
Q8K363	74181
Q8K389	205945
Q8K3A9	72050
Q8K3J1	24038
Q8K3X4	80565
Q8K3Z9	121022
Q8K411	117372
Q8K4G5	96805
Q8K4J6	102546
Q8K4L0	97748
Q8K4Q0	149471
Q8K4R9	90196
Q8K4Z3	30973
Q8K4Z5	88545
Q8K5B2	16168
Q8N7N5	66031
Q8N9S3	37648
Q8QZS1	43038
Q8QZT1	44816
Q8QZY1	66613
Q8QZY9	44356
Q8R001	36946
Q8R010	35378
Q8R016	52511
Q8R035	23477
Q8R050	68625
Q8R060	66839
Q8R080	78751
Q8R081	63964
Q8R0A0	28381
Q8R0F6	42774
Q8R0G9	128620
Q8R0H9	69972
Q8R0W0	724646
Q8R0X7	63677
Q8R105	38453
Q8R127	47129
Q8R138	29401
Q8R146	81581
Q8R180	54084
Q8R1A4	241438
Q8R1B4	105531
Q8R1F1	84819
Q8R1G6	37703
Q8R1I1	7446
Q8R1J9	35897
Q8R1N4	40890
Q8R1Q8	56614
Q8R1U1	88661
Q8R1X6	72655
Q8R2M2	84277
Q8R2N2	76909
Q8R2R3	34511
Q8R2T8	60502
Q8R2U4	25420
Q8R2Y8	19527
Q8R307	110219
Q8R317	61976
Q8R323	40526
Q8R326	58758
Q8R332	59445
Q8R361	69553
Q8R366	65011
Q8R3C0	72891
Q8R3C6	106083
Q8R3F5	41928
Q8R3G1	38528
Q8R3L2	76685
Q8R3N1	98769
Q8R3N6	75436
Q8R3P6	57237
Q8R3Q6	16665
Q8R3S6	101889
Q8R3V5	44503
Q8R404	13373
Q8R409	40243
Q8R480	74776
Q8R4R6	34786
Q8R4U7	119311
Q8R502	92372
Q8R550	78170
Q8R570	46524
Q8R574	40881
Q8R5A3	74319
Q8R5A6	59362
Q8R5C5	42281
Q8R5H1	112325
Q8R5H6	61509
Q8R5J9	21558
Q8R5K4	129228
Q8R5M8	49788
Q8VBT0	31396
Q8VBV3	32632
Q8VBV7	23256
Q8VBZ0	35957
Q8VBZ3	75291
Q8VC03	95695
Q8VC16	54969
Q8VC28	37058
Q8VC30	59691
Q8VC57	26164
Q8VC70	40724
Q8VC85	15236
Q8VCA8	46601
Q8VCF0	53399
Q8VCF1	45653
Q8VCH5	41119
Q8VCH8	56472
Q8VCI5	32733
Q8VCL2	28944
Q8VCM8	62908
Q8VCN5	43567
Q8VCN9	38125
Q8VCT3	72416
Q8VCX5	54353
Q8VCY6	70429
Q8VD62	31846
Q8VD75	115202
Q8VDC0	101480
Q8VDD5	226372
Q8VDF2	88304
Q8VDH1	72173
Q8VDJ3	141743
Q8VDK1	35705
Q8VDL4	53902
Q8VDM4	100203
Q8VDM6	96002
Q8VDN2	112982
Q8VDP4	103002
Q8VDQ1	38015
Q8VDT9	18213
Q8VDV8	28847
Q8VDW0	49067
Q8VDZ4	77501
Q8VE22	20348
Q8VE37	44931
Q8VE47	44790
Q8VE62	45702
Q8VE65	17875
Q8VE70	24716
Q8VE88	54045
Q8VE95	24330
Q8VE97	55979
Q8VE99	19743
Q8VEA4	15525
Q8VEB4	47307
Q8VED5	57552
Q8VEE0	24945
Q8VEE4	69037
Q8VEH8	54906
Q8VEJ4	53134
Q8VEK0	41061
Q8VEK3	87918
Q8VEM8	39632
Q8VH51	59407
Q8VHE0	87870
Q8VHK9	113883
Q8VHN8	23414
Q8VHR5	65411
Q8VHX6	291119
Q8VHZ7	33656
Q8VI36	64476
Q8VI75	119275
Q8VIJ6	75442
Q8WTY4	33429
Q91V09	53664
Q91V12	42537
Q91V41	23897
Q91V61	35406
Q91V64	32033
Q91V92	119728
Q91VA6	41870
Q91VC3	46840
Q91VD9	79777
Q91VE0	72319
Q91VE6	36265
Q91VH2	66546
Q91VH6	33692
Q91VI7	49816
Q91VJ2	27853
Q91VJ5	30597
Q91VM5	42162
Q91VN4	29852
Q91VR2	32886
Q91VR5	82500
Q91VR7	14272
Q91VR8	8761
Q91VS7	17552
Q91VT4	25415
Q91VU0	24753
Q91VU7	74793
Q91VW3	10477
Q91VX2	117966
Q91VY9	53451
Q91VZ6	47660
Q91W39	65319
Q91W45	15472
Q91W50	88791
Q91W59	43991
Q91W61	33125
Q91W90	46415
Q91W92	43096
Q91WD5	52626
Q91WE2	28702
Q91WG2	62132
Q91WG4	93093
Q91WG8	79199
Q91WJ8	68540
Q91WK0	47148
Q91WK2	39832
Q91WK5	18637
Q91WM2	46306
Q91WM3	52107
Q91WQ3	59105
Q91WS0	12097
Q91WV0	19431
Q91X52	25746
Q91X78	39182
Q91X84	67027
Q91X86	24684
Q91X96	13915
Q91XA2	44326
Q91XB7	32134
Q91XC9	38677
Q91XD6	43736
Q91XE4	35286
Q91XE8	21180
Q91XI1	71078
Q91XU0	71794
Q91XU3	47336
Q91XV3	22087
Q91XY4	100358
Q91YD9	54274
Q91YE6	116052
Q91YH5	60575
Q91YJ2	51778
Q91YJ3	26178
Q91YK2	80582
Q91YM2	170393
Q91YM4	71513
Q91YN5	58609
Q91YN9	23474
Q91YP2	80429
Q91YQ5	68528
Q91YR1	40079
Q91YR5	78757
Q91YR7	106722
Q91YR9	35560
Q91YT0	50834
Q91YT7	62280
Q91YT8	91860
Q91YU8	52756
Q91YW3	57464
Q91YY4	33289
Q91Z22	20178
Q91Z31	57489
Q91Z38	33263
Q91Z53	35329
Q91Z67	120798
Q91ZE0	49610
Q91ZJ5	56979
Q91ZR1	23629
Q91ZR2	67904
Q91ZS8	78001
Q91ZU6	834218
Q91ZW2	44688
Q91ZW3	121627
Q91ZX7	504742
Q920A5	50965
Q920B9	119825
Q920E3	111810
Q920E5	40582
Q920P5	63323
Q921C5	93391
Q921F2	44548
Q921F4	64125
Q921G7	68091
Q921H8	43953
Q921H9	25617
Q921I9	26250
Q921J2	20451
Q921L3	21175
Q921L5	82040
Q921M3	135550
Q921M4	113278
Q921M7	36776
Q921N6	85939
Q921Q7	83014
Q921S7	48341
Q921T2	66781
Q921U8	100289
Q921W0	21608
Q921W4	38725
Q921X9	59267
Q921Y2	21777
Q922B2	57147
Q922B9	136947
Q922D4	94653
Q922D8	101200
Q922F4	50090
Q922H4	46244
Q922J3	155814
Q922J9	59435
Q922K7	86752
Q922Q1	38194
Q922Q4	33659
Q922Q8	34877
Q922R5	93934
Q922R8	48100
Q922S8	81085
Q922U1	77455
Q922U2	61767
Q922V4	56938
Q922W5	32373
Q922X9	78301
Q922Y1	33573
Q923A2	70237
Q923B1	62289
Q923D2	22197
Q923D5	69875
Q923G2	17143
Q924C1	136973
Q924K8	67077
Q924T2	32313
Q924T3	37061
Q924W7	126861
Q924Z4	45024
Q925B0	35908
Q925I1	66742
Q93092	37387
Q99020	30831
Q99J09	36943
Q99J36	38885
Q99J45	59866
Q99J47	34987
Q99J56	28835
Q99J62	39867
Q99J77	40024
Q99J93	15743
Q99J95	42762
Q99J99	33097
Q99JB2	38385
Q99JF8	59697
Q99JI4	45536
Q99JI6	20825
Q99JN2	71687
Q99JP4	9761
Q99JR1	35649
Q99JR5	52665
Q99JW2	45781
Q99JW4	37240
Q99JX3	47038
Q99JX4	42517
Q99JX7	70300
Q99JY0	51386
Q99JY4	42189
Q99JY9	47357
Q99K01	87335
Q99K23	52515
Q99K28	56598
Q99K43	70290
Q99K48	54541
Q99K51	70742
Q99K85	40473
Q99KC8	87143
Q99KD5	103447
Q99KE1	65799
Q99KF1	27127
Q99KG3	103494
Q99KI0	85464
Q99KJ8	44117
Q99KK7	82898
Q99KK9	56985
Q99KN2	37633
Q99KN9	68513
Q99KP6	55239
Q99KQ4	55447
Q99KR7	21737
Q99KU0	45960
Q99KV1	40555
Q99KW3	223368
Q99KY4	143641
Q99L04	34005
Q99L13	35440
Q99L20	27403
Q99L27	38019
Q99L28	19611
Q99L43	51314
Q99L45	38092
Q99L47	41656
Q99L48	57611
Q99L85	33498
Q99LB2	29885
Q99LB6	37393
Q99LB7	101682
Q99LC2	48382
Q99LC3	40603
Q99LC5	35009
Q99LC8	33816
Q99LD4	53442
Q99LD8	29646
Q99LD9	38898
Q99LE6	71782
Q99LF4	55249
Q99LG2	100456
Q99LH1	83345
Q99LI2	60621
Q99LI7	82877
Q99LI8	86015
Q99LL3	49398
Q99LL5	55587
Q99LP6	24307
Q99LR1	45270
Q99LS3	25096
Q99LT0	11213
Q99LX0	20021
Q99LY9	12648
Q99M28	34208
Q99M31	54650
Q99M51	42891
Q99M54	28708
Q99M87	52443
Q99MD9	83954
Q99ME9	74113
Q99MI1	128331
Q99MJ9	82175
Q99MN1	67840
Q99MR3	96330
Q99MR6	100452
Q99MR8	79344
Q99MS7	184834
Q99MZ7	32410
Q99N84	28703
Q99N85	22321
Q99N89	20203
Q99N95	39110
Q99N96	37597
Q99NB9	145816
Q99NH0	274213
Q99NH2	149075
Q99P31	39167
Q99P72	126613
Q99P88	155118
Q99PG2	70679
Q99PL5	172879
Q99PM3	41614
Q99PM9	29404
Q99PP9	62943
Q99PS0	48027
Q99PT1	23407
Q99PU8	136668
Q99PV0	273616
Q9BCZ4	21509
Q9CPP0	19023
Q9CPP6	13360
Q9CPQ1	8469
Q9CPQ3	15537
Q9CPQ8	11425
Q9CPR1	21138
Q9CPR4	21423
Q9CPR5	33542
Q9CPS7	27454
Q9CPT3	27808
Q9CPT4	17982
Q9CPT5	21139
Q9CPU0	20810
Q9CPV4	33317
Q9CPV5	23121
Q9CPW4	16288
Q9CPW9	37262
Q9CPX7	15192
Q9CPY7	56141
Q9CPZ8	12553
Q9CQ02	21860
Q9CQ06	24945
Q9CQ10	25219
Q9CQ22	17749
Q9CQ25	16524
Q9CQ26	48514
Q9CQ36	12240
Q9CQ40	19133
Q9CQ43	17385
Q9CQ45	18904
Q9CQ48	17660
Q9CQ49	18017
Q9CQ54	14164
Q9CQ60	27254
Q9CQ62	36214
Q9CQ65	31062
Q9CQ69	9768
Q9CQ71	13584
Q9CQ75	10916
Q9CQ79	26260
Q9CQ86	12295
Q9CQ88	22694
Q9CQA3	31814
Q9CQA6	13608
Q9CQC6	48043
Q9CQC7	15081
Q9CQD1	23599
Q9CQE3	13382
Q9CQE5	21151
Q9CQE7	43208
Q9CQE8	28152
Q9CQF0	20680
Q9CQF3	26240
Q9CQF8	11952
Q9CQF9	56495
Q9CQH3	21710
Q9CQH7	17271
Q9CQI3	16723
Q9CQI6	15944
Q9CQI7	25323
Q9CQJ2	32209
Q9CQJ4	37623
Q9CQJ6	22166
Q9CQJ8	21984
Q9CQL4	17595
Q9CQL5	20677
Q9CQL7	14194
Q9CQM5	14015
Q9CQM9	37778
Q9CQN1	80209
Q9CQN7	15262
Q9CQQ7	28949
Q9CQQ8	11636
Q9CQR2	9141
Q9CQR4	15183
Q9CQS2	7706
Q9CQS8	9958
Q9CQT1	39411
Q9CQU0	19049
Q9CQU3	22988
Q9CQU5	28713
Q9CQV1	13785
Q9CQV8	28086
Q9CQW0	12017
Q9CQW1	22314
Q9CQW2	21539
Q9CQW9	14954
Q9CQX2	16318
Q9CQY5	37970
Q9CQY6	16321
Q9CQZ1	8611
Q9CQZ5	15283
Q9CQZ6	11692
Q9CR00	24720
Q9CR09	19481
Q9CR16	40743
Q9CR21	17370
Q9CR29	25049
Q9CR39	38021
Q9CR41	13651
Q9CR47	30036
Q9CR51	13724
Q9CR57	23564
Q9CR61	16331
Q9CR62	34155
Q9CR67	28031
Q9CR68	29368
Q9CR86	16062
Q9CR89	42482
Q9CR98	15674
Q9CRA5	33752
Q9CRA8	25194
Q9CRB2	17247
Q9CRB9	26335
Q9CRC0	17768
Q9CRC8	68076
Q9CRD0	27610
Q9CRD2	34935
Q9CRT8	109734
Q9CS42	34786
Q9CSH3	108838
Q9CSN1	61475
Q9CSU0	36884
Q9CT10	52573
Q9CU62	143235
Q9CUN6	83356
Q9CVB6	34357
Q9CVD2	40533
Q9CW03	141556
Q9CW46	79382
Q9CW79	87338
Q9CWE0	31726
Q9CWJ9	64217
Q9CWK3	37694
Q9CWK8	58471
Q9CWL8	64980
Q9CWM4	14255
Q9CWR7	39292
Q9CWS0	31381
Q9CWU9	36732
Q9CWW6	13815
Q9CWX2	37810
Q9CWX9	50639
Q9CWY8	33513
Q9CWZ3	19889
Q9CWZ7	34732
Q9CX34	38159
Q9CX56	39930
Q9CX60	12138
Q9CX66	19967
Q9CX86	30530
Q9CX97	42611
Q9CXE7	26172
Q9CXF4	76527
Q9CXI0	37336
Q9CXI5	20374
Q9CXJ4	78000
Q9CXL3	22168
Q9CXR1	38167
Q9CXS4	27541
Q9CXT8	54614
Q9CXU1	15771
Q9CXV1	17014
Q9CXV9	27579
Q9CXW2	41192
Q9CXW3	26510
Q9CXW4	20252
Q9CXY6	43062
Q9CXZ1	19785
Q9CY16	20520
Q9CY18	45000
Q9CY28	31872
Q9CY50	32065
Q9CY52	34971
Q9CY57	26585
Q9CY58	44714
Q9CY62	19101
Q9CY64	33525
Q9CY66	23474
Q9CY73	37527
Q9CYA6	78026
Q9CYD3	46169
Q9CYG7	34278
Q9CYH6	41552
Q9CYI0	44422
Q9CYI4	43934
Q9CYL5	17090
Q9CYN2	24978
Q9CYR6	59453
Q9CYW4	28027
Q9CYX7	31058
Q9CYZ2	24043
Q9CYZ6	18706
Q9CZ04	30224
Q9CZ13	52852
Q9CZ28	28886
Q9CZ30	44730
Q9CZ44	40710
Q9CZ57	42853
Q9CZ83	15122
Q9CZA6	38523
Q9CZC8	46326
Q9CZD3	81878
Q9CZE3	25068
Q9CZG3	20852
Q9CZH3	13331
Q9CZH7	19458
Q9CZI9	37309
Q9CZL5	14830
Q9CZM2	24146
Q9CZN7	55759
Q9CZP5	47406
Q9CZR8	35334
Q9CZT6	31594
Q9CZU3	117636
Q9CZU6	51737
Q9CZW5	67590
Q9CZX0	62385
Q9CZX5	37221
Q9CZX7	28038
Q9CZX8	16085
Q9CZY3	16355
Q9D024	55844
Q9D032	40421
Q9D051	38937
Q9D071	113089
Q9D0A3	25193
Q9D0B0	25661
Q9D0B6	22223
Q9D0E1	77649
Q9D0F1	73962
Q9D0F3	57789
Q9D0F6	38096
Q9D0F9	61418
Q9D0G0	49939
Q9D0I8	27546
Q9D0I9	75674
Q9D0J4	20864
Q9D0J8	11430
Q9D0K1	44610
Q9D0K2	55989
Q9D0L8	53291
Q9D0M0	31825
Q9D0M1	39432
Q9D0M3	35328
Q9D0N7	63132
Q9D0Q7	35411
Q9D0R2	83356
Q9D0R4	61212
Q9D0R8	21701
Q9D0S9	17320
Q9D0T1	14174
Q9D0W5	18237
Q9D115	8498
Q9D154	42575
Q9D172	28090
Q9D187	17667
Q9D1A2	52767
Q9D1B9	30170
Q9D1C1	19606
Q9D1C8	25452
Q9D1C9	32399
Q9D1D4	24911
Q9D1E6	27386
Q9D1F4	27483
Q9D1G1	22187
Q9D1H8	12738
Q9D1J3	23533
Q9D1L9	9642
Q9D1M0	35566
Q9D1M4	19859
Q9D1M7	22137
Q9D1P0	20677
Q9D1P4	37351
Q9D1Q4	10139
Q9D1Q6	46853
Q9D1R9	13293
Q9D211	13209
Q9D281	61013
Q9D2C7	26478
Q9D2E2	56871
Q9D2G2	48995
Q9D2M8	16367
Q9D2Q8	11599
Q9D2R0	75200
Q9D2R6	11987
Q9D2Y4	54317
Q9D338	33578
Q9D358	18192
Q9D379	52577
Q9D3B1	28402
Q9D3D9	17600
Q9D3P8	17261
Q9D3U0	59710
Q9D3W4	32790
Q9D4F8	76126
Q9D4H1	103959
Q9D554	58842
Q9D5T0	40744
Q9D5V5	90974
Q9D5V6	41350
Q9D662	86437
Q9D666	101976
Q9D6H2	16281
Q9D6J5	21876
Q9D6J6	27285
Q9D6K5	15815
Q9D6K7	29371
Q9D6K8	16564
Q9D6L8	18128
Q9D6N1	29522
Q9D6N5	22278
Q9D6R2	39639
Q9D6S7	29051
Q9D6U8	17725
Q9D6Z1	64464
Q9D706	74096
Q9D727	12013
Q9D735	18377
Q9D787	59065
Q9D7A8	31247
Q9D7B6	45020
Q9D7B7	24148
Q9D7E3	24246
Q9D7E4	12112
Q9D7G0	34834
Q9D7H3	39254
Q9D7I8	64324
Q9D7J9	32402
Q9D7M1	26779
Q9D7M8	16311
Q9D7N3	44929
Q9D7N9	46434
Q9D7P6	18098
Q9D7S7	14467
Q9D7S9	24576
Q9D819	32667
Q9D824	64959
Q9D832	37782
Q9D855	13527
Q9D868	20464
Q9D880	39776
Q9D883	27815
Q9D892	21897
Q9D898	16980
Q9D8B3	24936
Q9D8B4	14982
Q9D8B6	20344
Q9D8C4	31876
Q9D8E6	47154
Q9D8M4	28544
Q9D8N0	50061
Q9D8N2	40421
Q9D8P4	20249
Q9D8P7	25548
Q9D8S3	57456
Q9D8S4	26739
Q9D8S9	14379
Q9D8T2	53238
Q9D8T7	12605
Q9D8U8	46797
Q9D8V0	41748
Q9D8W5	52895
Q9D8X2	25346
Q9D8Y0	26791
Q9D8Y1	21539
Q9D903	34703
Q9D906	77520
Q9D937	14099
Q9D945	15391
Q9D975	14149
Q9D9Z1	34728
Q9DAK9	13997
Q9DAR7	38988
Q9DAS9	7997
Q9DAU1	30538
Q9DAW6	58370
Q9DAW9	36429
Q9DB05	33190
Q9DB15	21708
Q9DB20	23364
Q9DB34	25134
Q9DB40	35298
Q9DB43	34155
Q9DB73	34135
Q9DB77	48235
Q9DB85	51066
Q9DB96	35659
Q9DBC7	43185
Q9DBD5	118069
Q9DBE8	47405
Q9DBE9	95532
Q9DBF1	58861
Q9DBG3	104583
Q9DBG5	47262
Q9DBG6	69063
Q9DBG7	69623
Q9DBG9	13723
Q9DBH5	40430
Q9DBJ1	28832
Q9DBJ3	57188
Q9DBL1	47874
Q9DBP5	22165
Q9DBR0	76294
Q9DBR1	108687
Q9DBR7	114996
Q9DBS1	44783
Q9DBT5	92024
Q9DBU0	68928
Q9DBW3	12731
Q9DBY8	94476
Q9DBZ1	42532
Q9DBZ5	25087
Q9DC04	106219
Q9DC16	32562
Q9DC23	90583
Q9DC28	47316
Q9DC33	39917
Q9DC37	51396
Q9DC48	65461
Q9DC50	70264
Q9DC51	40538
Q9DC53	64667
Q9DC61	58279
Q9DC63	55227
Q9DC69	42525
Q9DC70	24683
Q9DC71	29464
Q9DCA5	41241
Q9DCC4	28721
Q9DCC8	16284
Q9DCD0	53247
Q9DCD2	99988
Q9DCD5	60520
Q9DCE5	42116
Q9DCF9	21064
Q9DCG9	14141
Q9DCH4	37984
Q9DCH6	24001
Q9DCI3	26811
Q9DCI9	21733
Q9DCL8	23119
Q9DCL9	47006
Q9DCM0	27739
Q9DCN2	34128
Q9DCR2	21732
Q9DCS3	40343
Q9DCS9	21024
Q9DCT1	34461
Q9DCT2	30149
Q9DCT5	23159
Q9DCU6	33073
Q9DCV7	50709
Q9DCW4	27623
Q9DCX2	18749
Q9DCZ4	22604
Q9DD02	21619
Q9EP69	66944
Q9EP71	108852
Q9EP72	26310
Q9EP97	64403
Q9EPB5	35311
Q9EPC1	42330
Q9EPE9	132388
Q9EPJ9	45288
Q9EPK7	123810
Q9EPL8	119486
Q9EPU0	123967
Q9EPU4	160818
Q9EPV8	8547
Q9EQ20	57916
Q9EQ61	67796
Q9EQ80	41746
Q9EQC5	89160
Q9EQH2	106599
Q9EQH3	91713
Q9EQK5	95924
Q9EQM6	86321
Q9EQP2	61481
Q9EQQ9	103162
Q9EQU5	33378
Q9ER00	31195
Q9ER41	37818
Q9ER69	44177
Q9ER72	94860
Q9ER73	46325
Q9ER81	15278
Q9ER88	44699
Q9ERA0	57031
Q9ERA6	96305
Q9ERB0	29572
Q9ERE7	25207
Q9ERF3	33773
Q9ERG0	84060
Q9ERG2	87150
Q9ERH4	48573
Q9ERK4	110455
Q9ERR7	17806
Q9ERS2	16860
Q9ERU9	341121
Q9ESD6	18105
Q9ESL4	91720
Q9ESP1	23648
Q9EST5	31079
Q9ESU6	155895
Q9ESW4	46976
Q9ESX5	57402
Q9ESY9	27784
Q9ESZ8	112265
Q9ET22	56254
Q9ET26	25745
Q9ET30	67545
Q9ET54	152131
Q9JHE7	33569
Q9JHI5	46325
Q9JHJ0	39503
Q9JHL1	37403
Q9JHP7	57985
Q9JHQ5	34773
Q9JHR7	117772
Q9JHS3	13480
Q9JHS4	69229
Q9JHS9	26624
Q9JHU4	532045
Q9JHU9	60932
Q9JHW4	63539
Q9JI10	56855
Q9JI11	55541
Q9JI46	19030
Q9JI75	26248
Q9JI99	47744
Q9JIF0	42436
Q9JIF7	107066
Q9JIG7	70844
Q9JIG8	19478
Q9JIH2	49485
Q9JII5	43214
Q9JII6	36587
Q9JIK5	93551
Q9JIK9	25827
Q9JIM1	50192
Q9JIQ3	26820
Q9JIS8	120624
Q9JIW9	23349
Q9JIX0	11529
Q9JIX8	150719
Q9JIY5	49348
Q9JIZ9	31803
Q9JJ00	35914
Q9JJ11	70627
Q9JJ28	144803
Q9JJ80	35364
Q9JJ89	46487
Q9JJA4	47347
Q9JJG0	124130
Q9JJI8	8204
Q9JJL8	58316
Q9JJT0	40841
Q9JJT9	43247
Q9JJU8	12811
Q9JJY3	71197
Q9JJY4	91710
Q9JJZ4	34990
Q9JK23	33104
Q9JK48	40855
Q9JK81	42723
Q9JK92	21533
Q9JK95	21567
Q9JKB1	26152
Q9JKB3	38814
Q9JKC8	46936
Q9JKF1	188742
Q9JKN1	41790
Q9JKP5	36976
Q9JKP7	16629
Q9JKP8	14127
Q9JKR6	111181
Q9JKV1	42060
Q9JKV5	25342
Q9JKX4	59482
Q9JKX6	23984
Q9JKY0	33601
Q9JL15	36162
Q9JL35	45344
Q9JLF6	89826
Q9JLI8	109619
Q9JLJ0	16946
Q9JLJ2	53515
Q9JLJ5	32678
Q9JLN9	288789
Q9JLQ0	70450
Q9JLQ2	78766
Q9JLV1	61860
Q9JLV5	88948
Q9JLZ6	66766
Q9JM14	23076
Q9JM61	94696
Q9JM76	20525
Q9JM99	115996
Q9JMA1	56002
Q9JMD0	52793
Q9JMG1	16369
Q9JMG7	22431
Q9JMH6	67084
Q9JMH9	232755
Q9QUH0	11871
Q9QUI0	21782
Q9QUJ7	79077
Q9QUM9	27372
Q9QUR6	80752
Q9QUR7	18370
Q9QWF0	101936
Q9QWL7	48162
Q9QWT9	74153
Q9QWY8	127421
Q9QX47	265651
Q9QXA5	15076
Q9QXB9	40718
Q9QXL2	186536
Q9QXP7	32009
Q9QXS1	534188
Q9QXS6	77287
Q9QXT0	20767
Q9QXX4	74467
Q9QXZ0	831878
Q9QY06	238834
Q9QY36	26520
Q9QY76	26946
Q9QY93	18795
Q9QYA2	37895
Q9QYB1	28729
Q9QYB5	78777
Q9QYC0	80647
Q9QYC7	87195
Q9QYF9	41555
Q9QYH6	85670
Q9QYI3	56476
Q9QYJ0	45746
Q9QYJ3	38167
Q9QYK7	17458
Q9QYL7	30659
Q9QYR6	300140
Q9QYR9	49657
Q9QYS9	37671
Q9QZ08	37268
Q9QZ23	28568
Q9QZ88	20496
Q9QZB7	46208
Q9QZD8	31715
Q9QZD9	36461
Q9QZE5	97513
Q9QZE7	32926
Q9QZF2	61360
Q9QZH6	49799
Q9QZI8	50509
Q9QZM0	67351
Q9QZN4	34493
Q9QZQ1	206499
Q9QZQ8	39290
Q9R002	50466
Q9R008	41877
Q9R020	37350
Q9R059	31795
Q9R060	34085
Q9R061	29518
Q9R078	30308
Q9R099	49584
Q9R0A0	41208
Q9R0B9	84488
Q9R0E1	84922
Q9R0E2	83595
Q9R0H0	74649
Q9R0H5	57383
Q9R0L6	228847
Q9R0M4	53389
Q9R0M6	22910
Q9R0N0	42295
Q9R0P3	31320
Q9R0P4	20046
Q9R0P5	18522
Q9R0P6	20626
Q9R0Q3	22705
Q9R0Q4	32184
Q9R0Q7	18721
Q9R0U0	31301
Q9R0X4	50560
Q9R0Y5	21540
Q9R111	51013
Q9R112	50282
Q9R190	75030
Q9R1C7	108481
Q9R1J0	40686
Q9R1P0	29471
Q9R1P1	22965
Q9R1P3	22906
Q9R1P4	29547
Q9R1Q6	28367
Q9R1Q7	16608
Q9R1R2	80774
Q9R1T2	38620
Q9R1X4	137503
Q9R1Z8	82349
Q9R233	49736
Q9WTI7	121944
Q9WTK3	67949
Q9WTK5	96832
Q9WTM5	51113
Q9WTN0	34707
Q9WTP6	26469
Q9WTP7	25426
Q9WTQ5	180695
Q9WTU6	48189
Q9WTX2	34371
Q9WTX5	18672
Q9WTX6	89692
Q9WTX8	83541
Q9WU28	17356
Q9WU56	47502
Q9WU62	101209
Q9WU78	96024
Q9WU84	28912
Q9WUA2	65697
Q9WUA3	85455
Q9WUD1	34909
Q9WUK2	27341
Q9WUK4	38725
Q9WUL7	20487
Q9WUM3	53912
Q9WUM4	53121
Q9WUM5	36155
Q9WUN2	83425
Q9WUP7	37617
Q9WUQ2	45437
Q9WUR2	43268
Q9WUU7	33996
Q9WUU8	73050
Q9WUZ9	47102
Q9WV03	40252
Q9WV32	41064
Q9WV34	61555
Q9WV55	27855
Q9WV60	46710
Q9WV70	85424
Q9WV80	58952
Q9WV95	13719
Q9WV96	11314
Q9WV98	10344
Q9WVA2	11042
Q9WVA3	36955
Q9WVA4	22395
Q9WVE8	55833
Q9WVG6	65854
Q9WVJ2	42809
Q9WVK4	60603
Q9WVL3	119481
Q9WVM1	70158
Q9WVM3	63021
Q9WVR4	73743
Q9Z0E0	78895
Q9Z0E6	66739
Q9Z0G0	36129
Q9Z0H1	69048
Q9Z0H3	44141
Q9Z0H8	115910
Q9Z0J0	16442
Q9Z0K8	57091
Q9Z0N1	51065
Q9Z0P4	41614
Q9Z0P5	39471
Q9Z0P7	53957
Q9Z0R4	194297
Q9Z0R9	52387
Q9Z0S1	33196
Q9Z0U1	131280
Q9Z0W3	158232
Q9Z0X1	66765
Q9Z0Y1	20978
Q9Z103	124308
Q9Z108	53925
Q9Z110	87266
Q9Z127	55872
Q9Z130	33559
Q9Z148	138039
Q9Z160	109050
Q9Z1B5	23598
Q9Z1D1	35638
Q9Z1E4	83927
Q9Z1F9	70569
Q9Z1G3	43888
Q9Z1J3	50570
Q9Z1K5	64017
Q9Z1M8	65616
Q9Z1N5	49035
Q9Z1P6	12576
Q9Z1Q5	27013
Q9Z1Q9	140215
Q9Z1R2	121037
Q9Z1S0	118392
Q9Z1T1	122740
Q9Z1W9	60320
Q9Z1X4	96021
Q9Z1Y4	50934
Q9Z1Z0	106983
Q9Z1Z2	38442
Q9Z204	34385
Q9Z207	133686
Q9Z247	62995
Q9Z255	17315
Q9Z266	14904
Q9Z277	170651
Q9Z2B9	85652
Q9Z2D1	73232
Q9Z2D3	56631
Q9Z2F7	23766
Q9Z2G6	88340
Q9Z2H5	98315
Q9Z2I0	82989
Q9Z2I8	46840
Q9Z2I9	50114
Q9Z2K1	51606
Q9Z2L7	49559
Q9Z2M7	27657
Q9Z2N8	47448
Q9Z2Q5	24301
Q9Z2U0	27855
Q9Z2U1	26411
Q9Z2W0	52207
Q9Z2X1	45730
Q9Z2X2	25084
Q9Z2Y8	30049
Q9Z2Z9	77009
Q9Z315	90885
Q9Z321	96949
